{"cameraMode":{"drawMode":0,"name":"Shaded","section":"Shading Mode"},"sceneLighting":false,"audioPlay":false,"sceneViewState":{"m_AlwaysRefresh":false,"showFog":true,"showSkybox":false,"showFlares":true,"showImageEffects":true,"showParticleSystems":true,"showVisualEffectGraphs":true,"m_FxEnabled":true},"in2DMode":false,"pivot":{"x":1.0509999990463257,"y":6.704999923706055,"z":0.16699999570846559},"rotation":{"x":0.0026399241760373117,"y":-0.985997200012207,"z":0.01567714475095272,"w":0.1660027652978897},"size":0.11477312445640564,"orthographic":true}