{"cameraMode":{"drawMode":0,"name":"Shaded","section":"Shading Mode"},"sceneLighting":false,"audioPlay":false,"sceneViewState":{"m_AlwaysRefresh":false,"showFog":true,"showSkybox":false,"showFlares":true,"showImageEffects":true,"showParticleSystems":true,"showVisualEffectGraphs":true,"m_FxEnabled":true},"in2DMode":false,"pivot":{"x":-0.17140041291713715,"y":0.007171861827373505,"z":-0.0003935098648071289},"rotation":{"x":-0.2679895758628845,"y":0.5508619546890259,"z":-0.19257596135139466,"w":-0.7665817737579346},"size":2.660334348678589,"orthographic":false}