{"cameraMode":{"drawMode":0,"name":"Shaded","section":"Shading Mode"},"sceneLighting":false,"audioPlay":false,"sceneViewState":{"m_AlwaysRefresh":false,"showFog":true,"showSkybox":false,"showFlares":true,"showImageEffects":true,"showParticleSystems":true,"showVisualEffectGraphs":true,"m_FxEnabled":true},"in2DMode":false,"pivot":{"x":-0.0028487592935562135,"y":0.6060527563095093,"z":-0.0017295852303504944},"rotation":{"x":0.009119078516960144,"y":0.9895777702331543,"z":-0.12384282797574997,"w":0.07286544144153595},"size":0.9274758696556091,"orthographic":true}