{"cameraMode":{"drawMode":0,"name":"Shaded","section":"Shading Mode"},"sceneLighting":true,"audioPlay":false,"sceneViewState":{"m_AlwaysRefresh":false,"showFog":true,"showSkybox":true,"showFlares":true,"showImageEffects":true,"showParticleSystems":true,"showVisualEffectGraphs":true,"m_FxEnabled":true},"in2DMode":false,"pivot":{"x":-4.81804084777832,"y":-3.3582401275634767,"z":-0.19949036836624146},"rotation":{"x":-0.029752351343631746,"y":0.9242410063743591,"z":-0.37344714999198916,"w":-0.07363221049308777},"size":1.8966963291168213,"orthographic":true}