{"cameraMode":{"drawMode":0,"name":"Shaded","section":"Shading Mode"},"sceneLighting":true,"audioPlay":false,"sceneViewState":{"m_AlwaysRefresh":false,"showFog":true,"showSkybox":true,"showFlares":true,"showImageEffects":true,"showParticleSystems":true,"showVisualEffectGraphs":true,"m_FxEnabled":true},"in2DMode":false,"pivot":{"x":-5.785080432891846,"y":-2.7215847969055177,"z":-1.9823498725891114},"rotation":{"x":-0.039733514189720157,"y":-0.8672666549682617,"z":0.4912785291671753,"w":-0.07014495879411698},"size":2.773218870162964,"orthographic":true}