{"cameraMode":{"drawMode":0,"name":"Shaded","section":"Shading Mode"},"sceneLighting":true,"audioPlay":false,"sceneViewState":{"m_AlwaysRefresh":false,"showFog":true,"showSkybox":true,"showFlares":true,"showImageEffects":true,"showParticleSystems":true,"showVisualEffectGraphs":true,"m_FxEnabled":true},"in2DMode":false,"pivot":{"x":-4.563055038452148,"y":-2.7948415279388429,"z":-0.17359769344329835},"rotation":{"x":0.09950770437717438,"y":0.8885834813117981,"z":-0.3840956389904022,"w":0.23020845651626588},"size":1.7135156393051148,"orthographic":true}