{"cameraMode":{"drawMode":0,"name":"Shaded","section":"Shading Mode"},"sceneLighting":true,"audioPlay":false,"sceneViewState":{"m_AlwaysRefresh":false,"showFog":true,"showSkybox":true,"showFlares":true,"showImageEffects":true,"showParticleSystems":true,"showVisualEffectGraphs":true,"m_FxEnabled":true},"in2DMode":false,"pivot":{"x":-3.5467824935913088,"y":-3.5011870861053469,"z":-0.15115632116794587},"rotation":{"x":-0.14620430767536164,"y":-0.8076125383377075,"z":0.2248181402683258,"w":-0.5252082347869873},"size":0.7727912068367004,"orthographic":true}