{"cameraMode":{"drawMode":0,"name":"Shaded","section":"Shading Mode"},"sceneLighting":true,"audioPlay":false,"sceneViewState":{"m_AlwaysRefresh":false,"showFog":true,"showSkybox":true,"showFlares":true,"showImageEffects":true,"showParticleSystems":true,"showVisualEffectGraphs":true,"m_FxEnabled":true},"in2DMode":false,"pivot":{"x":-4.876258850097656,"y":-2.8340179920196535,"z":1.0522046089172364},"rotation":{"x":-0.003371272701770067,"y":-0.7496235966682434,"z":-0.0038292172830551864,"w":0.6618555188179016},"size":0.10995730757713318,"orthographic":true}