{"cameraMode":{"drawMode":0,"name":"Shaded","section":"Shading Mode"},"sceneLighting":false,"audioPlay":false,"sceneViewState":{"m_AlwaysRefresh":false,"showFog":true,"showSkybox":false,"showFlares":true,"showImageEffects":true,"showParticleSystems":true,"showVisualEffectGraphs":true,"m_FxEnabled":true},"in2DMode":false,"pivot":{"x":-3.6148343086242677,"y":-3.3847594261169435,"z":-0.21800461411476136},"rotation":{"x":0.13489407300949098,"y":0.5039569735527039,"z":-0.08003523200750351,"w":0.849370539188385},"size":0.21248029172420503,"orthographic":true}