{"cameraMode":{"drawMode":0,"name":"Shaded","section":"Shading Mode"},"sceneLighting":false,"audioPlay":false,"sceneViewState":{"m_AlwaysRefresh":false,"showFog":true,"showSkybox":false,"showFlares":true,"showImageEffects":true,"showParticleSystems":true,"showVisualEffectGraphs":true,"m_FxEnabled":true},"in2DMode":false,"pivot":{"x":-3.3968119621276857,"y":-3.1281208992004396,"z":-0.3576035499572754},"rotation":{"x":0.007435624487698078,"y":-0.7060063481330872,"z":0.007412960287183523,"w":0.7081277370452881},"size":0.14999324083328248,"orthographic":true}