{"cameraMode":{"drawMode":0,"name":"Shaded","section":"Shading Mode"},"sceneLighting":false,"audioPlay":false,"sceneViewState":{"m_AlwaysRefresh":false,"showFog":true,"showSkybox":false,"showFlares":true,"showImageEffects":true,"showParticleSystems":true,"showVisualEffectGraphs":true,"m_FxEnabled":true},"in2DMode":false,"pivot":{"x":-0.0019878745079040529,"y":0.551132321357727,"z":0.6016792058944702},"rotation":{"x":-0.022036708891391755,"y":0.975579559803009,"z":-0.11615028977394104,"w":-0.1850953996181488},"size":0.2862948477268219,"orthographic":true}