{"cameraMode":{"drawMode":0,"name":"Shaded","section":"Shading Mode"},"sceneLighting":false,"audioPlay":false,"sceneViewState":{"m_AlwaysRefresh":false,"showFog":true,"showSkybox":false,"showFlares":true,"showImageEffects":true,"showParticleSystems":true,"showVisualEffectGraphs":true,"m_FxEnabled":true},"in2DMode":false,"pivot":{"x":-4.290521144866943,"y":-3.2061479091644289,"z":-0.1819649338722229},"rotation":{"x":0.02864140458405018,"y":0.9423424005508423,"z":-0.32277533411979678,"w":0.0836159735918045},"size":0.3469042181968689,"orthographic":true}