{"cameraMode":{"drawMode":0,"name":"Shaded","section":"Shading Mode"},"sceneLighting":false,"audioPlay":false,"sceneViewState":{"m_AlwaysRefresh":false,"showFog":true,"showSkybox":false,"showFlares":true,"showImageEffects":true,"showParticleSystems":true,"showVisualEffectGraphs":true,"m_FxEnabled":true},"in2DMode":false,"pivot":{"x":1.0201815366744996,"y":0.047986119985580447,"z":0.02035827934741974},"rotation":{"x":0.03403468802571297,"y":0.928529679775238,"z":-0.3590744435787201,"w":0.08800823986530304},"size":1.0249689817428589,"orthographic":true}